"Station Name","Date","Ammonia Nitrogen","Biochemical Oxygen Demand","Cadmium","Calcium","Chromium","Conductivity","Copper","Dissolved Oxygen","Dissolved Oxygen Saturation","Fecal Coliform","Fluoride","Gage height","Hardness","Lead","Magnesium","Nitrate + Nitrite as N","Organic Carbon","pH","Temperature","Total Kjeldahl Nitrogen","Total Phosphorus","Total Suspended Solids","Turbidity","Zinc"
"CC2.5CC",2024-01-23,0.03,2,0.01,18200,0.29,204,2.575,12.1,90,11,0.09,0.98,67,0.315,5220,0.15,NA,7.2,3.3,0.34,0.02,4.8,20.5,4.915
"CC2.5CC",2024-02-27,0.03,2,0.01,9220,0.155,214,2.725,11,97,580,0.03,NA,46.5,0.235,5710,0.02,NA,7.3,9.7,0.37,0.04,19,14.4,3.275
"CC2.5CC",2024-03-26,0.03,2,0.069,14000,0.307,186,2.72,9.6,87,140,0.2,NA,52.4,0.2355,4250,0.03,NA,7.1,10.6,1.4,0.11,8.5,14.1,14.7
"CC2.5CC",2024-04-23,0.04,2,0.069,21100,0.1195,248,2.35,8.1,74,235,0.15,0.91,80.9,0.167,6860,0.14,NA,7.3,11.3,0.74,0.12,2.9,6.2,2.68
"CC2.5CC",2024-05-28,0.06,2.8,0.069,9830,0.6015,105,3.335,6.6,76,3200,0.11,0.41,36,0.6355,2770,0.18,NA,7.1,22.3,0.73,0.22,41.8,68.5,3.6
"CC2.5CC",2024-06-25,0.11,2,0.069,35000,0.238,390,1.35,3.1,36,120,0.19,0.56,126,0.305,9280,0.08,NA,7.3,24.3,0.67,0.06,3.2,6.6,3.01
"CC2.5CC",2024-07-23,0.05,2.35,0.069,9015,1.6925,79,5.8375,7,86,14000,0.08,2,31.95,1.445,2290,0.165,NA,6.6,25.6,0.82,0.2,62.8,120,5.605
"CC2.5CC",2024-09-24,0.05,4.2,0.069,5570,2.482,54,6.8,7.4,86,34000,0.08,NA,24.9,3.4375,2670,0.15,NA,6.8,22.7,0.96,0.73,48,238,16.2
"CC2.5CC",2024-10-22,0.03,2,0.069,31300,0.068,327,1.13,6.7,63,245,0.15,NA,118,0.133,9560,0.07,NA,7.3,12.2,0.49,0.04,8.9,13.9,2.68
"CC2.5CC",2024-11-19,0.03,2,0.069,15800,0.217,161,2.68,6.7,61,310,0.11,NA,45.9,0.261,1580,0.02,NA,7,12,0.28,0.09,7.2,12.8,2.775
"CC2.5CC",2024-12-17,0.03,2,0.0695,12800,0.253,174,2.55,8.9,75,185,0.09,1.1,50.5,0.294,4520,0.1,NA,7,8.6,0.5,0.09,8.8,17.1,3.885
"EL1.9EC",2024-01-09,0.06,2,0.02,16700,0.37,307,3.61,9.2,81,180,0.25,NA,58.2,0.505,4020,1.8,7.3,7.4,10.5,1.13,0.06,5.6,14.8,27.45
"EL1.9EC",2024-02-13,0.07,2.8,0.012,19700,0.355,248,3.77,9.2,87,920,0.19,NA,68,0.86,4550,0.23,6.755,7.5,12.9,0.64,0.15,17.4,28.6,22.85
"EL1.9EC",2024-03-12,0.03,2,0.069,20100,0.422,275,3.755,9.5,87,120,0.18,NA,71.7,0.6305,5230,0.57,7.7,7.4,11,0.8,0.05,4.5,17.1,13.8
"EL1.9EC",2024-04-09,0.03,2,0.069,21800,0.1115,415,3.385,7.5,77,120,0.13,NA,78.6,0.1915,5840,0.03,7,7.6,16.3,0.82,0.09,2.5,3.4,18.15
"EL1.9EC",2024-05-14,0.04,2,0.069,19450,0.12025,442,2.3875,6.6,71,290,0.565,NA,67.6,0.14975,4610,0.255,7.71,7.5,19.7,1.075,0.12,2.5,2.4,14.725
"EL1.9EC",2024-06-11,0.04,2,0.069,22000,0.17,479,2.675,6.9,79,580,0.54,NA,73.5,0.137,4520,0.4,7.45,7.7,22.1,0.93,0.49,2.5,2.3,16.2
"EL1.9EC",2024-07-09,0.05,2,0.069,16900,0.487,386,3.61,6,72,180,0.51,NA,59.1,0.2535,4120,0.64,7.25,7.4,25.4,0.75,0.12,3.7,4.2,20.35
"EL1.9EC",2024-08-13,0.03,2,0.069,23800,0.413,329,3.4,6.9,83,3100,0.25,NA,82.7,0.538,5690,0.39,8.66,7.5,24.7,0.59,0.17,4.1,16.1,14.45
"EL1.9EC",2024-09-10,0.13,2,0.069,22000,0.1395,457,2.325,7.2,81,740,0.44,NA,76.9,0.185,5340,1.09,8.46,7.6,20.8,0.97,0.75,2.5,4.1,20
"EL1.9EC",2024-10-08,0.04,2,0.069,23600,0.1095,426,2.12,6.8,76,740,0.38,NA,85.2,0.26,6420,0.92,7.37,7.6,20.4,0.75,0.1,4.1,5.5,15.1
"EL1.9EC",2024-11-05,0.04,2,0.069,23200,0.068,464,2.06,7.1,76,331,0.48,NA,82,0.0915,5880,0.39,7.47,7.6,18.2,0.52,0.1,2.5,1.2,15.15
"EL1.9EC",2024-12-10,0.03,3,0.069,19100,0.142,400,2.96,8.3,82,1020,0.29,NA,65.6,0.288,4370,1.06,8.38,7.3,14.2,0.68,0.55,4.1,7.7,19
"EL5.5GC",2024-01-09,0.04,2,0.025,22800,0.95,225,4.965,11.3,92,540,0.11,4.05,78.3,1.29,5190,0.25,NA,7.4,6.3,0.52,0.06,38.4,74,12.01
"EL5.5GC",2024-02-13,0.05,4,0.019,17400,1.18,137,8.42,10,93,7180,0.03,NA,56.7,5.82,3250,0.18,NA,7.6,12.1,0.56,0.56,178,228,36.7
"EL5.5GC",2024-03-12,0.04,2,0.069,27800,0.518,240,4.55,10.5,91,520,0.09,NA,94.3,1.241,6060,0.22,NA,7.6,8.9,0.66,0.06,15.5,34.5,10.54
"EL5.5GC",2024-04-09,0.04,2,0.069,33350,0.0745,323,2.415,8.1,79,127.5,0.235,NA,117.5,0.26775,8385,0.055,NA,7.4,14.3,0.55,0.045,3.1,9.3,4.3375
"EL5.5GC",2024-05-14,0.1,2,0.069,25000,0.068,279,2.175,5.3,56,295,0.2,NA,87.2,0.43,6030,0.18,NA,7.2,18.2,0.95,0.07,3.1,5.9,3.43
"EL5.5GC",2024-06-11,0.05,2,0.069,26000,0.089,257,1.98,5.7,64,290,0.22,NA,88.5,0.2675,5700,0.12,NA,7.5,21.1,0.58,0.07,2.5,5.2,2.84
"EL5.5GC",2024-07-09,0.15,2,0.069,10100,0.4845,113,4.965,4.2,51,560,0.1,NA,49.3,0.7395,5840,0.33,NA,6.9,25.5,0.59,0.1,4.3,11,5.94
"EL5.5GC",2024-08-13,0.04,2,0.069,33500,1.49,274,5.405,7.1,83,3250,0.14,NA,110,1.345,6520,0.29,NA,7.4,23.2,0.93,0.13,14.6,31.3,8.64
"EL5.5GC",2024-09-10,0.04,2,0.069,32000,0.101,295,2.555,6.7,71,480,0.18,NA,110,0.31,7210,0.09,NA,7.3,18.3,0.79,0.07,2.7,9.7,4.295
"EL5.5GC",2024-10-08,0.06,2,0.069,37600,0.068,337,2.2,7.2,77,860,0.2,NA,129,0.2685,8570,0.22,NA,7.5,18.5,0.46,0.06,3.5,7.8,3.64
"EL5.5GC",2024-11-05,0.03,2,0.069,32200,0.068,331,1.44,5.6,55,188,0.27,NA,116,0.1825,8510,0.02,NA,7.4,14.5,0.32,0.06,2.6,5.6,2.83
"EL5.5GC",2024-12-10,0.035,7.5,0.069,17200,0.55425,159,4.275,9.2,81,4750,0.1,NA,59.95,1.423,4115,0.175,NA,7.3,9.6,0.43,0.22,18.2,36.1,17.55
"EL7.1EC",2024-01-09,0.03,2,0.01,12400,0.535,131,4.485,11.6,93,316,0.03,NA,46.3,0.775,3700,0.13,6.3,7.5,5.9,0.49,0.06,14.8,59.4,11.43
"EL7.1EC",2024-02-13,0.03,2.3,0.01,14800,0.475,143,3.91,9.7,89,1620,0.03,NA,51.7,0.645,3540,0.16,6.78,7.7,11.7,0.54,0.08,11.5,30.3,15
"EL7.1EC",2024-03-12,0.03,2,0.069,16450,0.352,155,3.97,10.1,87,490,0.06,NA,60.9,0.77875,4825,0.16,8.495,7.2,8.7,0.595,0.075,8.45,76,10.955
"EL7.1EC",2024-04-09,0.03,2,0.069,9750,0.398,176,3.885,8.7,87,26,0.44,NA,38.1,2.7,3340,0.17,5,7.4,15.1,0.44,0.39,14.9,38.4,179
"EL7.1EC",2024-05-14,0.08,2,0.069,17300,0.121,198,2.515,6.1,64,420,0.14,NA,68.4,0.2435,6140,0.28,6.32,7.2,17.9,0.71,0.12,2.5,7.4,4.455
"EL7.1EC",2024-06-11,0.05,2,0.069,16200,0.1585,168,2.84,6.2,69,1020,0.13,NA,59.9,0.244,4740,0.22,5.8,7.6,21.3,0.5,0.11,2.5,5.3,4.54
"EL7.1EC",2024-07-09,0.05,2,0.069,10200,0.649,118,3.955,5,62,440,0.11,NA,37.4,0.3395,2900,0.21,7.19,7.2,25.5,0.73,0.07,4,8.7,5.745
"EL7.1EC",2024-08-13,0.03,2,0.069,14000,0.363,148,3.755,6.7,79,2700,0.08,NA,52.1,0.6915,4200,0.21,8.955,7.4,23.5,0.5,0.2,12.3,64.7,8.775
"EL7.1EC",2024-09-10,0.03,2,0.069,19000,0.2115,213,2.255,7.2,78,480,0.12,NA,74.2,0.426,6510,0.14,5.37,7.3,18.5,0.42,0.1,2.5,42.5,7.155
"EL7.1EC",2024-10-08,0.04,2,0.069,21000,0.221,228,2.32,7.2,77,433,0.14,NA,80.8,0.3975,6860,0.18,7.28,7.3,18.8,0.41,0.12,2.5,32.1,5.79
"EL7.1EC",2024-11-05,0.04,2,0.069,24800,0.068,271,1.6525,5.1,50,45.5,0.2,NA,97.5,0.086,8650,0.02,7.49,7.4,14.4,0.21,0.06,2.5,1.3,2.775
"EL7.1EC",2024-12-10,0.03,4,0.069,16500,0.2055,200,5.055,9.2,80,2000,0.15,NA,61.5,0.301,4940,0.18,8.28,7.4,9,0.53,0.12,4.5,9.9,15.8
"EL7.1SEC",2024-01-09,0.06,2.2,0.03,32300,0.3,282,4.465,11.1,91,760,0.16,NA,133,0.9,12800,0.7,NA,7.6,7.1,0.61,0.1,13.2,14.1,24.15
"EL7.1SEC",2024-02-13,0.05,3.1,0.0205,22800,0.6475,200,6.075,9.3,87,4900,0.125,NA,75.05,1.1925,4405,0.39,NA,7.5,12.3,0.57,0.21,12.95,25.2,30.575
"EL7.1SEC",2024-03-12,0.04,2,0.073,41600,0.6,333,5.505,8.9,77,317,0.11,NA,142,1.1255,9170,0.66,NA,7.9,9,0.56,0.07,15.1,18.4,18.75
"EL7.1SEC",2024-04-09,0.04,2,0.0845,41800,0.38,405,3.23,7.4,72,2900,0.13,NA,149,0.845,10900,0.16,NA,7.4,14.4,0.57,0.09,16.6,16.4,7.27
"EL7.1SEC",2024-05-14,0.11,2,0.069,35900,0.086,338,2.44,5,53,600,0.18,NA,126,0.473,8920,0.19,NA,7.3,17.8,0.82,0.08,5.3,7.8,4.41
"EL7.1SEC",2024-06-11,0.11,2.9,0.069,31200,0.18,273,3.045,3.2,38,3100,0.14,NA,108,0.7455,7380,0.1,NA,7.7,21,0.64,0.13,7.6,8.3,5.755
"EL7.1SEC",2024-07-09,0.06,2.3,0.069,19600,0.512,175,8.015,4.6,56,3520,0.13,NA,65.6,1.223,4020,0.5,NA,7.2,25.2,0.77,0.12,13.7,15,10.285
"EL7.1SEC",2024-08-13,0.03,2,0.073,30400,0.204,321,3.975,6.9,81,5900,0.28,NA,106,0.736,7280,0.64,NA,7.7,23.3,0.6,0.25,6.3,8.5,22.05
"EL7.1SEC",2024-09-10,0.03,2,0.069,21200,0.068,297,2.46,7.1,75,1470,0.48,NA,75.9,0.3065,5580,0.37,NA,7.5,18.9,0.27,0.2,3.4,5.8,50.5
"EL7.1SEC",2024-10-08,0.045,2,0.069,22200,0.068,296,2.0975,7.4,82,860,0.48,NA,79.4,0.32175,5845,0.49,NA,7.4,19.6,0.325,0.255,4.75,6,56.05
"EL7.1SEC",2024-11-05,0.04,2,0.069,39000,0.068,388,2.285,6.8,67,143,0.35,NA,140,0.2255,10400,0.16,NA,7.7,14.6,0.2,0.11,2.5,2.8,12.2
"EL7.1SEC",2024-12-10,0.03,6,0.069,11300,0.4805,111,6.73,7.9,70,3000,0.09,NA,39.9,1.248,2850,0.15,NA,7.3,10.1,0.25,0.22,9.4,17.2,27.6
"EL8.6SECUT",2024-01-09,0.08,3.3,0.0275,11150,2.4425,118,5.7375,10.8,93,3150,0.03,NA,35.15,0.94,1775,0.315,NA,7.5,9,0.39,0.05,9.75,13.5,38.975
"EL8.6SECUT",2024-02-13,0.09,2.3,0.019,25700,2.505,238,8.055,8.1,78,9000,0.03,NA,81.9,0.475,4290,0.58,NA,7,13,0.65,0.06,3.5,6.7,41
"EL8.6SECUT",2024-03-12,0.04,2,0.069,65700,0.331,661,4.905,8.5,77,740,0.17,NA,222,0.2195,14100,0.92,NA,7.4,10.7,0.62,0.06,2.5,3.4,22.55
"EL8.6SECUT",2024-04-09,0.04,2,0.069,24100,0.195,386,3.165,8.7,86,540,0.52,NA,83.9,0.1755,5790,0.31,NA,7,14.6,0.54,0.31,2.5,1.8,143
"EL8.6SECUT",2024-05-14,0.49,9,0.069,37800,1.335,494,17.75,6.5,69,15000,0.31,NA,129,0.379,8350,1.83,NA,7.3,17.9,2.79,0.16,2.8,5.5,41.7
"EL8.6SECUT",2024-06-11,0.05,15.5,0.069,62900,0.3,771,5.475,5.6,61,82000,0.37,NA,213,0.2435,13600,0.44,NA,7.3,19.3,0.6,0.15,8.3,6.8,30.75
"EL8.6SECUT",2024-07-09,1.29,16,0.069,41800,0.375,524,9.755,0.3,4,60000,0.27,NA,141,0.332,8790,0.15,NA,7.1,23.5,2.77,0.04,7.3,9.1,45.1
"EL8.6SECUT",2024-08-13,0.06,2,0.069,44100,11.6,549,5.025,7.5,87,1120,0.21,NA,147,0.18,8840,1.27,NA,8.9,23.1,0.5,0.12,2.5,2.1,7.79
"EL8.6SECUT",2024-09-10,0.04,5.5,0.069,11400,0.164,277,7.3625,6.3,78,368,0.78,NA,42.4,0.1095,3395,0.595,NA,7.6,25.4,0.38,0.39,2.5,1.1,383
"EL8.6SECUT",2024-10-08,0.27,2,0.069,7000,0.068,229,2.495,6.9,82,10,0.66,NA,27.8,0.086,2510,0.36,NA,7.7,23.9,0.45,0.39,2.5,0.5,326
"EL8.6SECUT",2024-11-05,0.04,2,0.069,40300,0.068,507,3.05,5.4,57,4000,0.47,NA,145,0.215,10700,0.7,NA,7.7,17.3,0.25,0.24,2.6,4.4,84.5
"EL8.6SECUT",2024-12-10,0.2,4,0.069,26300,0.756,313,12.25,9,88,1140,0.24,NA,87.6,0.4905,5350,1.15,NA,7.6,14.3,0.77,0.28,3,6,114.5
"EN10.3WC",2024-01-02,0.49,2,0.01,15300,0.545,196,2.715,10,77,16000,0.1,NA,68.8,0.415,7400,0.2,NA,7.3,4.3,0.97,0.08,6.3,38.9,7.51
"EN10.3WC",2024-02-06,0.03,2,0.01,19700,0.1525,218,1.9675,14.1,110,132.5,0.03,NA,89.3,0.2075,9760,0.23,NA,7.4,4.6,0.38,0.02,3.165,13.8,3.2925
"EN10.3WC",2024-03-05,0.03,2,0.069,9230,0.9845,90,4.58,9.5,90,3050,0.04,NA,37.7,0.609,3560,0.11,NA,7.2,13,0.68,0.11,19.2,40.1,6.615
"EN10.3WC",2024-04-02,0.03,2,0.069,19400,0.155,216,2.265,6.6,67,125,0.07,NA,86.4,0.172,9240,0.1,NA,7.1,16.2,0.34,0.02,5.8,11.3,3.01
"EN10.3WC",2024-05-07,0.06,2.5,0.069,89200,0.2905,143,3.395,6.2,67,1200,0.08,NA,241,0.2655,4530,0.16,NA,7.2,19.7,0.73,0.07,10,18.4,2.995
"EN10.3WC",2024-06-04,1.45,3.2,0.069,24600,0.4785,293,2.11,2.9,33,28000,0.14,NA,109,0.4675,11600,0.12,NA,7.2,21,2.46,0.13,26.2,27.5,3.915
"EN10.3WC",2024-07-02,0.07,2.2,0.069,7620,1.53,100,5.005,5.6,64,11000,0.07,NA,33.4,1.063,3490,0.21,NA,7.3,21.1,0.81,0.21,33.2,58.4,11.15
"EN10.3WC",2024-08-06,0.05,2,0.069,11800,0.157,151,2.365,4.2,51,6290,0.07,NA,55.9,0.2415,6420,0.12,NA,7.1,24.9,0.51,0.03,4.5,14.3,2.835
"EN10.3WC",2024-09-03,0.03,2,0.069,11400,0.6275,123,4.24,6.8,76,12000,0.06,NA,48.8,0.5435,4950,0.13,NA,7.1,21.7,0.51,0.08,19.6,41.4,3.705
"EN10.3WC",2024-10-01,0.07,2,0.069,13150,0.32275,146,3.505,6.4,75,5400,0.14,NA,55.6,0.347,5510,0.185,NA,7.1,22.5,0.595,0.145,35.6,21.8,7.2825
"EN10.3WC",2024-11-04,0.03,2,0.069,29600,0.068,303,1.0165,3.9,37,143,0.11,NA,133,0.086,14300,0.02,NA,7.3,13.2,0.19,0.03,2.5,3.8,2.68
"EN10.3WC",2024-12-03,0.03,2,0.0795,23600,0.068,246,0.9515,7.9,61,121,0.1,NA,109,0.168,12200,0.04,NA,7.4,4.1,0.16,0.03,2.5,5.1,2.68
"EN13.3ER",2024-01-02,0.03,2,0.01,7350,0.1,92,1.4325,12.6,98,49,0.03,NA,29.9,0.2425,2805,0.24,NA,7.5,4.9,0.385,0.02,2.75,16,1.435
"EN13.3ER",2024-02-06,0.03,2,0.01,8130,0.04,97,1.455,14.4,115,30,0.03,NA,33.9,0.205,3310,0.28,NA,7.3,6.1,0.26,0.02,2.5,11.4,1.935
"EN13.3ER",2024-03-05,0.03,2,0.069,6430,0.1355,75,1.61,10.1,96,70,0.04,NA,25.3,0.314,2250,0.19,NA,7.3,13.3,0.47,0.04,9.5,21.3,2.675
"EN13.3ER",2024-04-02,0.03,2,0.069,6380,0.068,83,1.155,8.6,88,41,0.06,NA,25.9,0.181,2410,0.1,NA,6.7,16.7,0.3,0.02,5.3,11.6,2.68
"EN13.3ER",2024-05-07,0.03,3.1,0.069,NA,0.0945,76,1.88,8.5,93,680,0.06,NA,94.1,0.3385,2200,0.31,NA,7.3,19.9,0.78,0.07,18,28,2.68
"EN13.3ER",2024-06-04,0.03,2,0.069,9340,0.068,117,1.34,7.2,84,125,0.07,NA,37.6,0.129,3470,0.21,NA,7.5,23.1,0.43,0.02,2.5,4.6,2.68
"EN13.3ER",2024-07-02,0.03,2,0.069,10800,0.068,159,1.405,5.1,61,110,0.11,NA,44.1,0.09,4160,0.06,NA,7.5,24.8,0.58,0.2,2.9,2.7,2.68
"EN13.3ER",2024-08-06,0.03,2,0.069,5260,0.068,92,2.015,6.5,81,800,0.06,NA,24,0.2595,2640,0.28,NA,7.2,26.8,0.5,0.04,7,12.1,2.68
"EN13.3ER",2024-09-03,0.03,2,0.069,5985,0.13875,84,2.0475,7.2,84,3700,0.05,NA,24.65,0.35825,2360,0.285,NA,7.1,21.5,0.41,0.03,8.65,31.2,2.68
"EN13.3ER",2024-10-01,0.05,2,0.069,6820,0.068,81,1.245,8.1,92,800,0.08,NA,26.9,0.2005,2410,0.31,NA,7.3,21.9,0.39,0.07,2.5,11.9,2.68
"EN13.3ER",2024-11-04,0.03,2,0.069,10900,0.068,130,0.908,9.3,91,48,0.1,NA,44.8,0.0925,4290,0.09,NA,7.6,14.3,0.15,0.02,2.5,2,2.68
"EN13.3ER",2024-12-03,0.03,2,0.069,10600,0.068,129,0.718,11.8,91,58,0.1,NA,41.8,0.086,3740,0.1,NA,7.7,4.5,0.15,0.02,2.5,2,2.68
"EN4.9ER",2024-01-02,0.03,2,0.01,7620,0.14,93,1.635,12.6,98,150,0.03,NA,30.6,0.27,2820,0.23,NA,7.5,4.8,0.25,0.02,2.5,19.4,1.38
"EN4.9ER",2024-02-06,0.03,2,0.01,8060,0.08,102,1.39,14,112,34,0.03,NA,32.6,0.22,3030,0.27,NA,7.5,5.9,0.31,0.02,2.5,12.9,1.675
"EN4.9ER",2024-03-05,0.03,2,0.069,7120,0.4365,82,2.44,9.9,95,900,0.04,NA,28.4,0.4875,2590,0.18,NA,7.3,13.4,0.54,0.08,23.1,35.7,3.3125
"EN4.9ER",2024-04-02,0.03,2,0.069,6970,0.102,89,1.315,8.4,87,135,0.05,NA,28.7,0.204,2730,0.1,NA,7.1,17.3,0.32,0.02,6.6,12.8,2.68
"EN4.9ER",2024-05-07,0.05,2.9,0.069,28900,0.13125,80,2.2775,7.7,85,710,0.06,NA,82.2,0.43825,2430,0.565,NA,7.3,20.4,0.82,0.095,21.95,40,2.68
"EN4.9ER",2024-06-04,0.03,2,0.069,9560,0.068,120,1.42,6.7,79,185,0.07,NA,39.1,0.1535,3680,0.14,NA,7.5,24,0.38,0.02,4.3,6.2,2.855
"EN4.9ER",2024-07-02,0.04,2,0.069,10400,0.369,139,2.25,4.5,54,660,0.08,NA,43.6,0.2675,4280,0.14,NA,7.4,25.1,0.53,0.05,14.6,19.2,2.68
"EN4.9ER",2024-08-06,0.03,2,0.069,5670,0.201,101,1.885,6,75,1100,0.06,NA,27.1,0.299,3130,0.22,NA,7.2,26.9,0.5,0.02,50,22.4,2.68
"EN4.9ER",2024-09-03,0.03,2,0.069,5820,0.379,84,2.515,6.3,75,4500,0.04,NA,24.6,0.4345,2440,0.26,NA,7.1,23.1,0.4,0.04,15.3,41,2.77
"EN4.9ER",2024-10-01,0.05,2,0.069,7600,0.0935,85,1.6,7.6,88,2000,0.08,NA,29.7,0.2375,2600,0.29,NA,7.2,22.3,0.45,0.07,5.4,17.9,2.68
"EN4.9ER",2024-11-04,0.03,2,0.069,11500,0.068,141,0.83,8.9,87,67,0.09,NA,47.6,0.0935,4600,0.04,NA,7.5,14.6,0.15,0.02,2.5,1.9,2.68
"EN4.9ER",2024-12-03,0.03,2,0.069,11700,0.068,108,0.8785,12.1,93,30,0.1,NA,46.4,0.093,4160,0.02,NA,7.7,4.3,0.15,0.02,2.5,1.9,2.68
"EN8.9ER",2024-01-02,0.03,2,0.015,6980,0.115,91,1.595,13,102,130,0.03,NA,28.1,0.26,2600,0.21,4.25,7.6,5.2,0.34,0.03,2.9,17.6,1.835
"EN8.9ER",2024-02-06,0.03,2,0.01,7400,0.06,97,1.565,13.9,112,44,0.03,NA,29.3,0.22,2630,0.25,3.73,7.8,6.1,0.27,0.02,2.5,13.6,2.19
"EN8.9ER",2024-03-05,0.03,2,0.069,6825,0.2205,79,1.975,10.4,99,660,0.03,NA,27.05,0.378,2435,0.175,5.23,7.4,13.3,0.43,0.085,11.2,24.2,2.67875
"EN8.9ER",2024-04-02,0.03,5,0.069,6720,0.071,85,1.705,9,93,52,0.11,NA,26.9,0.25,2450,0.11,3.9,7.3,17.1,0.33,0.02,7.5,12.6,2.68
"EN8.9ER",2024-05-07,0.06,2.9,0.069,35400,0.1265,77,2.235,8.5,94,640,0.05,NA,97.6,0.422,2220,0.55,8.78,7.6,20.1,0.87,0.09,20,37.3,2.68
"EN8.9ER",2024-06-04,0.03,2,0.069,9060,0.068,115,1.15,6.8,81,140,0.07,NA,36.4,0.125,3340,0.11,3.565,7.8,24,0.53,0.02,2.5,4.1,2.68
"EN8.9ER",2024-07-02,0.04,2,0.069,9660,0.1605,134,1.87,6.1,77,2270,0.09,NA,40,0.14,3850,0.15,4.75,7.5,26.9,0.61,0.05,4.3,7.2,2.68
"EN8.9ER",2024-08-06,0.03,2,0.069,5090,0.077,80,1.88,6.9,86,1200,0.06,NA,25.1,0.348,3010,0.2,5.27,7.5,27.1,0.5,0.02,4.6,12.1,2.68
"EN8.9ER",2024-09-03,0.03,2,0.069,5660,0.165,82,2.14,7.6,89,5500,0.04,NA,23.5,0.3715,2270,0.27,5.75,7.3,23.2,0.4,0.06,6.9,29.5,2.68
"EN8.9ER",2024-10-01,0.04,2,0.069,6770,0.068,81,1.385,8.2,93,480,0.08,NA,27.1,0.204,2470,0.27,6.54,7.4,22.2,0.43,0.06,6.2,13.4,2.68
"EN8.9ER",2024-11-04,0.03,2,0.069,10600,0.068,131,0.806,10.2,101,27,0.1,NA,43.6,0.1,4160,0.05,3.465,7.9,14.7,0.15,0.02,2.5,2.4,2.68
"EN8.9ER",2024-12-03,0.03,2,0.069,11300,0.068,132,0.782,13.1,102,32,0.1,NA,44.1,0.086,3850,0.04,3.25,8,4.8,0.15,0.02,2.5,2.1,2.68
"LC1.1LC",2024-01-09,0.03,2,0.01,15600,0.93,168,3.935,11.8,96,440,0.03,NA,56.9,1.055,4360,0.15,NA,7.5,6.2,0.49,0.34,60.4,183,5.095
"LC1.1LC",2024-02-13,0.04,3.3,0.01,15000,0.66,147,4.87,9.9,91,3600,0.11,5.89,53.7,1.87,3910,0.14,NA,7.4,11.6,0.63,0.49,219,377,8.42
"LC1.1LC",2024-03-12,0.03,2,0.069,15000,1.166,154,3.99,11,93,580,0.11,5,54.4,1.261,4100,0.13,NA,7.3,8,0.68,0.09,38.5,182,8.935
"LC1.1LC",2024-04-09,0.03,2,0.069,22900,0.2735,224,1.97,8.8,87,81,0.09,4.64,83.1,0.2845,6310,0.04,NA,7.6,14.6,0.47,0.06,11.6,34.7,2.86
"LC1.1LC",2024-05-14,0.05,2,0.069,27600,0.068,296,1.48,7.9,81,235,0.19,4.45,102,0.145,8130,0.16,NA,7.6,17.5,0.56,0.02,5.1,15.1,2.68
"LC1.1LC",2024-06-11,0.045,2,0.069,28300,0.08675,260,1.49,7.4,82,451.5,0.19,4.44,101.5,0.1155,7505,0.15,NA,7.8,20.7,0.445,0.03,3.75,11.6,2.68
"LC1.1LC",2024-07-09,0.04,2,0.069,15100,3.394,151,7.775,6.7,80,4350,0.26,4.71,65.2,3.513,6670,0.11,NA,7.3,24.7,0.47,0.31,175,785,14.39
"LC1.1LC",2024-08-13,0.03,2,0.069,19900,1.384,171,4.69,7.1,83,5000,0.16,6.7,70.8,1.955,5110,0.58,NA,7.4,22.9,0.9,0.24,178,500,8.04
"LC1.1LC",2024-09-10,0.03,2,0.069,26600,0.27,265,1.83,8.3,87,1120,0.15,NA,98.7,0.436,7870,0.17,NA,7.6,17.8,0.44,0.13,10,65.5,2.805
"LC1.1LC",2024-10-08,0.03,2,0.069,24700,0.844,241,2.725,8.4,88,2100,0.17,NA,92,1.144,7350,0.16,NA,7.6,17.4,0.47,0.26,22.8,176,5.035
"LC1.1LC",2024-11-05,0.04,2,0.069,33200,0.068,334,1.018,7.1,70,105,0.23,4.65,123,0.086,9760,0.02,NA,7.5,14.8,0.19,0.02,2.5,4.5,2.68
"LC1.1LC",2024-12-10,0.03,2,0.069,29600,0.2235,321,2.425,8.5,75,1060,0.14,5.68,107,0.2625,8050,0.07,NA,7.6,9.4,0.23,0.16,20,45.9,3.005
"LC2.0RBC",2024-01-09,0.06,2,0.01,13700,0.365,162,1.95,10.6,97,100,0.03,NA,49.8,0.31,3760,0.07,NA,7.2,6.6,0.61,0.07,13.6,22.3,2.59
"LC2.0RBC",2024-02-13,0.05,2.7,0.01,12000,0.38,119,2.395,9.8,88,1640,0.03,NA,42.9,0.52,3160,0.11,NA,7.4,10.7,0.81,0.11,19.7,42.3,3.11
"LC2.0RBC",2024-03-12,0.03,2,0.069,13200,0.444,136,1.765,10.3,88,105,0.05,NA,46.3,0.268,3260,0.02,NA,7.3,8.3,0.52,0.04,7.1,18.3,2.675
"LC2.0RBC",2024-04-09,0.03,2,0.069,17100,0.107,183,1.185,8.6,83,105,0.05,NA,61.1,0.116,4500,0.02,NA,7.3,14.1,0.5,0.02,3.8,8.2,3.02
"LC2.0RBC",2024-07-09,0.03,2,0.069,8470,0.4435,91,1.84,6.4,77,2200,0.085,NA,29.15,0.213,1955,0.155,NA,6.9,24.4,0.42,0.02,10.45,14.8,2.68
"LC2.0RBC",2024-08-13,0.03,2,0.069,12600,1.207,147,1.905,6.8,80,2000,0.06,NA,46,0.2235,3520,0.09,NA,7.1,23,0.63,0.04,4.9,15.2,2.68
"LC2.0RBC",2024-09-10,0.04,2,0.069,23100,0.1795,224,0.84,6.2,65,1300,0.08,NA,81.1,0.1355,5700,0.05,NA,7.1,17.4,0.79,0.05,3.7,5.5,2.93
"LC2.0RBC",2024-10-08,0.04,2,0.069,17900,0.182,192,0.9935,7.1,74,620,0.1,NA,64.8,0.1995,4860,0.07,NA,7.2,17.4,0.41,0.03,2.8,7.4,2.68
"LC2.0RBC",2024-11-05,0.03,2.1,0.069,27100,0.068,238,0.711,4.1,39,534,0.11,NA,97.3,0.086,7210,0.02,NA,7.1,13.4,0.43,0.03,2.5,2.9,2.68
"LC2.0RBC",2024-12-10,0.03,2,0.069,27900,0.068,270,0.7665,7.5,67,413,0.09,NA,97.9,0.0865,6890,0.11,NA,7.2,9.9,0.44,0.03,2.5,6.1,2.68
"LL3.4LLC",2024-01-02,0.03,2,0.01,15800,0.56,169,4.27,11.8,92,1100,0.03,NA,58.1,0.765,4510,0.07,NA,7.4,4.6,0.46,0.05,3.4,27.9,5.015
"LL3.4LLC",2024-02-06,0.03,2,0.01,17700,0.365,189,3.87,12.9,102,170,0.03,NA,66.1,0.535,5290,0.02,NA,7.6,5.4,0.49,0.05,5.8,22.3,5.16
"LL3.4LLC",2024-03-05,0.03,2,0.069,14600,0.9185,143,5.555,8.7,84,860,0.06,NA,52.8,1.2345,3990,0.11,NA,7.2,13.4,0.72,0.16,37.2,70,6.45
"LL3.4LLC",2024-04-02,0.03,2,0.069,18100,0.3515,178,3.52,7.9,82,140,0.08,NA,65,0.5,4780,0.04,NA,6.9,17.7,0.58,0.05,6.9,19.4,4.315
"LL3.4LLC",2024-05-07,0.06,2.6,0.069,37300,0.468,158,4.59,6.4,71,900,0.14,NA,102,0.835,2160,0.2,NA,7.2,20.1,0.88,0.12,20.6,43.5,3.81
"LL3.4LLC",2024-06-04,0.06,2,0.069,17500,0.687,171,3.1,4.3,48,820,0.13,NA,63.7,1.364,4850,0.16,NA,7.1,20.3,0.68,0.14,18,22.2,5.56
"LL3.4LLC",2024-07-02,0.115,3.2,0.069,15050,0.7865,158,4.3825,3.3,36,3300,0.09,NA,54.7,0.8895,4150,0.3,NA,7,20.4,1.045,0.27,17.2,27.1,6.1975
"LL3.4LLC",2024-08-06,0.03,2.1,0.069,10400,0.9985,126,5.88,5.6,68,4900,0.09,NA,40.8,1.4465,3580,0.09,NA,7,25,0.76,0.03,63.6,70.6,5.365
"LL3.4LLC",2024-09-03,0.03,2.4,0.069,12200,1.3005,118,7.2,6.7,76,79000,0.07,NA,43.3,1.7125,3120,0.1,NA,7,21.5,0.66,0.23,25,102,6.64
"LL3.4LLC",2024-10-01,0.03,2,0.069,13200,1.22,111,8.07,7.5,86,12800,0.13,NA,46.5,1.989,3280,0.13,NA,7,22.1,0.81,0.33,2.5,130,7.695
"LL3.4LLC",2024-11-04,0.03,4,0.069,27000,0.068,258,1.475,2.1,20,534,0.16,NA,101,0.133,8120,0.02,NA,7.1,13.7,0.33,0.11,4.4,4,3.01
"LL3.4LLC",2024-12-03,0.03,2.1,0.069,25500,0.068,246,1.43,9.8,75,100,0.12,NA,92.8,0.093,7060,0.04,NA,7.5,3.9,0.22,0.04,2.5,4.6,2.68
"LL4.6LLT2",2024-01-02,0.03,2,0.01,27400,0.375,260,2.81,12,94,165,0.12,NA,98.3,0.535,7250,0.08,NA,7.7,5.1,0.44,0.05,2.5,22.2,3.82
"LL4.6LLT2",2024-02-06,0.03,2,0.01,28000,0.26,285,3.3,13.2,105,540,0.1,NA,101,0.38,7520,0.02,NA,7.7,5.4,0.48,0.03,5,17.4,4.44
"LL4.6LLT2",2024-03-05,0.03,2,0.069,21400,0.797,203,4.655,9.2,88,1060,0.09,NA,77.4,0.957,5800,0.13,NA,7.5,13.2,0.68,0.11,16,38.3,6.225
"LL4.6LLT2",2024-04-02,0.03,2,0.069,26400,0.273,242,2.665,8.9,93,500,0.1,NA,93.8,0.348,6810,0.02,NA,7.4,17.6,0.46,0.04,6.1,15.2,3.265
"LL4.6LLT2",2024-05-07,0.04,2,0.069,27500,0.3835,248,3.96,6.6,72,2150,0.17,NA,96.7,0.487,6790,0.68,NA,7.5,19.9,0.84,0.11,7.8,29.7,3.405
"LL4.6LLT2",2024-06-04,0.07,2,0.069,32000,0.121,258,1.76,6.8,67,2650,0.18,NA,114,0.217,8220,0.17,NA,7.5,21.6,0.6,0.1,6.4,10,2.68
"LL4.6LLT2",2024-07-02,0.06,2,0.069,15800,0.4085,164,4.74,5.5,61,3550,0.08,NA,57.4,0.3405,4360,0.55,NA,7,20.4,0.83,0.17,10.1,16.6,6.11
"LL4.6LLT2",2024-08-06,0.035,2,0.069,20950,1.51375,204,5.745,6.4,77,9750,0.14,NA,76.2,1.79925,5815,0.15,NA,7.3,24.6,0.57,0.085,34.4,160,6.515
"LL4.6LLT2",2024-09-03,0.03,2.3,0.188,23100,1.2,194,5.825,5.9,67,5430,0.13,NA,78.4,1.394,5000,0.16,NA,7.4,21.1,0.59,0.22,83.4,89.7,5.66
"LL4.6LLT2",2024-10-01,0.04,2.2,0.069,20600,1.569,170,6.945,7.3,84,10800,0.15,NA,71.4,1.9815,4820,0.15,NA,7.3,21.1,0.82,0.3,61.2,117,9.3
"LL4.6LLT2",2024-11-04,0.03,13,0.069,49000,0.1305,419,1.0775,0.4,4,374,0.18,NA,176,0.3175,12900,0.02,NA,7.2,13.4,0.35,0.24,7.4,2.2,4.11
"LL4.6LLT2",2024-12-03,0.03,2.4,0.069,38600,0.068,335,1.3,10.6,79,210,0.13,NA,112,0.1125,3930,0.4,NA,7.7,3.3,0.19,0.05,3.1,5.3,2.68
"LR9.6LR",2024-01-02,0.03,2,0.01,6990,0.19,78,1.63,13.2,102,255,0.03,NA,28.9,0.27,2790,0.31,NA,7.5,4.5,0.38,0.03,2.5,18.4,1.065
"LR9.6LR",2024-02-06,0.03,2,0.01,7030,0.06,83,1.17,15.2,119,69,0.03,NA,29.5,0.215,2900,0.36,NA,7.7,5.3,0.28,0.02,2.5,13.3,0.995
"LR9.6LR",2024-03-05,0.03,2,0.069,6390,0.1825,65,1.555,9.5,90,220,0.03,NA,25.2,0.3195,2230,0.24,NA,7.5,13.2,0.64,0.07,8.1,24.3,2.675
"LR9.6LR",2024-04-02,0.03,2,0.069,6000,0.08925,73,1.12,9.2,95,63,0.04,NA,24.7,0.178,2370,0.135,NA,7.3,16.8,0.315,0.03,4.4,12.5,2.68
"LR9.6LR",2024-05-07,0.04,2.6,0.069,19700,0.1545,62,2.235,8.6,92,1120,0.06,NA,57.1,0.4945,1940,0.39,NA,7.4,18.9,0.87,0.11,22.5,39.9,2.68
"LR9.6LR",2024-06-04,0.03,2,0.069,9340,0.068,97,0.8195,7.8,91,165,0.05,NA,37.9,0.096,3540,0.37,NA,8,22,0.44,0.02,2.5,3.7,2.68
"LR9.6LR",2024-07-02,0.03,2.4,0.069,9740,0.095,112,1.26,6.6,78,115,0.05,NA,40.3,0.086,3890,0.1,NA,7.6,23.4,0.5,0.02,2.5,2.5,3.87
"LR9.6LR",2024-08-06,0.03,2,0.069,5810,0.068,93,1.2,7.1,87,312,0.06,NA,26.3,0.146,2860,0.2,NA,7.5,25.3,0.5,0.02,2.7,9.4,2.68
"LR9.6LR",2024-09-03,0.03,2,0.069,4740,0.1205,67,1.86,7.7,86,4250,0.03,NA,20.9,0.275,2210,0.26,NA,7.2,21.4,0.43,0.91,6.9,25,2.68
"LR9.6LR",2024-10-01,0.04,2,0.069,6890,0.068,80,1.46,8.7,99,318,0.07,NA,29.2,0.178,2920,0.35,NA,7.4,21.2,0.37,0.08,7.2,12.7,2.68
"LR9.6LR",2024-11-04,0.03,2,0.069,12400,0.068,108,0.9355,9.6,94,109,0.08,NA,50.2,0.086,4660,0.07,NA,7.8,13.5,0.15,0.02,2.5,1.4,2.68
"LR9.6LR",2024-12-03,0.03,2,0.069,10950,0.068,109,0.55325,13.2,99,105,0.07,NA,52.25,0.086,6060,0.16,NA,7.8,3.5,0.15,0.02,2.5,2.6,2.68
"NE0.0NE",2024-01-16,0.04,2,0.01,11200,0.895,134,11.28,10.2,83,308,0.03,NA,45.2,0.71,4210,0.16,NA,7.5,6.3,0.44,0.11,17.6,66.5,5.045
"NE0.0NE",2024-02-20,0.03,2.4,0.01,18600,0.47,200,6.175,12.2,97,185,0.03,NA,73.2,0.48,6490,0.03,NA,7.5,5.5,0.65,0.08,19.8,38.5,4.04
"NE0.0NE",2024-03-19,0.08,2,0.069,24500,0.238,290,3.75,7.2,65,195,0.1,NA,95.7,0.256,8370,0.09,NA,7.7,10.3,0.65,0.05,4.3,19.9,2.675
"NE0.0NE",2024-04-16,0.11,2,0.069,24000,0.103,271,2.96,5.1,54,320,0.12,NA,92.8,0.273,7960,0.13,NA,7.4,18.3,0.79,0.05,7.3,18.2,2.78
"NE0.0NE",2024-05-21,0.07,2,0.069,16000,0.343,163,4.19,5.9,63,560,0.13,NA,60.3,0.4205,4930,0.12,NA,7.2,18.8,0.92,0.06,17,32.2,2.685
"NE0.0NE",2024-06-17,0.06,2.3,0.069,22200,0.1465,236,1.965,3.2,38,420,0.21,NA,84,0.196,6960,0.1,NA,7.3,23.7,0.68,0.05,3.1,15,2.68
"NE0.0NE",2024-07-16,0.08,3,0.069,14000,0.285,144,6.72,4.5,56,89,0.13,NA,52.5,0.673,4250,0.12,NA,7,26.2,0.68,0.07,6,24.2,3.715
"NE0.0NE",2024-10-15,0.03,2,0.069,2860,0.0885,314,3.445,6.3,63,389,0.2,NA,46.3,0.2155,9520,0.12,NA,7.5,15,0.45,0.02,4.1,14.4,2.68
"NE0.0NE",2024-11-12,0.03,2.4,0.069,21500,0.179,231,5.065,5.6,56,780,0.11,NA,86.2,0.1875,7890,0.02,NA,7.3,14.7,0.43,0.07,7.4,13.2,2.68
"NE0.0NE",2024-12-11,0.03,4.1,0.069,15800,1.741,182,6.25,8.2,76,6000,0.1,NA,62.3,1.5905,5590,0.15,NA,7.2,11.9,0.78,0.4,107,152,13.925
"NE1.2NE",2024-01-16,0.03,2,0.01,13100,0.795,147,13.75,11.4,93,760,0.03,NA,51.2,0.64,4500,0.19,NA,7.4,6.8,0.47,0.12,22.8,64.9,5.335
"NE1.2NE",2024-02-20,0.05,2,0.01,13100,0.88,150,10.76,11.7,95,580,0.03,NA,49.4,0.82,4040,0.04,NA,7.5,6.6,0.42,0.18,42.6,78.9,7.21
"NE1.2NE",2024-03-19,0.21,2,0.069,26700,0.21,312,5.25,7.3,68,160,0.1,NA,105,0.2145,9410,0.13,NA,7.5,11.9,0.65,0.06,5.9,16.1,3.0875
"NE1.2NE",2024-04-16,0.12,2,0.069,25200,0.0995,283,3.985,4.4,47,700,0.12,NA,99.2,0.1995,8820,0.14,NA,7.4,18.3,0.8,0.04,7.9,12.8,2.68
"NE1.2NE",2024-05-21,0.07,2.4,0.069,16200,0.38,178,5.57,5.5,60,600,0.14,NA,61.9,0.4185,5190,0.21,NA,7.1,19.5,0.89,0.07,16.8,31.2,3.02
"NE1.2NE",2024-06-17,0.09,2.7,0.069,21200,0.1695,219,2.82,1.8,21,620,0.2,NA,79.8,0.2255,6550,0.14,NA,7.2,24.1,0.65,0.07,9.2,12.3,2.83
"NE1.2NE",2024-07-16,0.065,3,0.069,12550,0.4935,138,7.44,3.9,48,215,0.13,NA,47.3,0.51075,3885,0.115,NA,7.1,26.7,1.125,0.095,14.7,34.8,3.9775
"NE1.2NE",2024-10-15,0.04,2,0.069,2710,0.0685,311,3.41,7.7,77,640,0.22,NA,47.5,0.1435,9900,0.15,NA,7.4,15.2,0.4,0.02,3.8,9.3,2.68
"NE1.2NE",2024-11-12,0.05,5.8,0.069,25800,0.1665,288,5.55,5.7,58,2100,0.11,NA,104,0.1995,9550,0.02,NA,7.3,15.4,0.33,0.1,7,11.8,3.115
"NE1.2NE",2024-12-11,0.03,4.3,0.069,16000,0.609,181,5.735,6,56,5000,0.11,NA,63.5,0.573,5730,0.08,NA,7.2,12.2,0.57,0.17,52.4,56.5,7.2
"NE2.2NP",2024-01-16,0.03,2,0.01,15300,0.7,108,3.615,10.4,84,110,0.03,0.99,60.6,0.555,5450,0.13,NA,7.4,6.3,0.31,0.09,17.6,60.8,5.255
"NE2.2NP",2024-02-20,0.64,3.5,0.01,24200,0.185,323,3.875,10.6,86,4850,0.03,0.9,96.7,0.265,8830,0.04,NA,7.5,6,1.29,0.08,12,20.4,4.415
"NE2.2NP",2024-03-19,1.1,4,0.069,30100,0.176,476,2.585,6.2,56,130,0.12,0.78,119,0.1805,10700,0.6,NA,7.4,10.9,1.82,0.1,7.8,16.1,4.185
"NE2.2NP",2024-04-16,0.32,6,0.069,24800,0.0745,308,1.745,3.7,39,1430,0.12,0.85,97.8,0.177,8720,0.24,NA,7.3,17.4,1.05,0.1,4.6,8.1,6.42
"NE2.2NP",2024-05-21,0.08,3,0.069,13200,0.3305,133,2.71,4.6,49,700,0.1,0.71,50.5,0.3905,4270,0.13,NA,7,18.8,1,0.06,16.1,38.3,82.34
"NE2.2NP",2024-06-17,0.36,3.3,0.069,18450,0.92025,197,1.8775,1.6,18,355,0.205,NA,70.25,1.025,5885,0.06,NA,7.1,22.2,1.12,0.145,4.65,40.7,5.3775
"NE2.2NP",2024-07-16,0.09,3,0.069,13400,0.5835,131,3.495,2.9,35,264,0.11,0.68,50.2,0.507,4090,0.14,NA,7,25.9,0.56,0.1,15.2,44.5,4.575
"NE2.2NP",2024-10-15,0.03,2,0.069,2020,0.069,199,1.51,4.2,41,580,0.11,0.72,37.2,0.153,7810,0.07,NA,7.2,14.7,0.4,0.02,5.8,9.3,2.68
"NE2.2NP",2024-11-12,0.04,10.7,0.069,20400,0.2425,241,4.35,2,20,900,0.09,0.77,83.5,0.636,7930,0.02,NA,7,15.2,0.4,0.14,8.4,15.7,8.755
"NE2.2NP",2024-12-11,0.03,5,0.069,11000,0.6135,125,3.89,7.4,70,5270,0.09,2,44.3,0.5325,4090,0.05,NA,7,12.9,0.5,0.18,43,119,5.845
"NH0.0NHC",2024-01-23,0.03,2,0.01,11200,0.1,121,1.33,12.4,89,170,0.04,NA,42.6,0.27,3520,0.22,NA,7.7,1.8,0.3,0.02,4.6,19.1,2.455
"NH0.0NHC",2024-02-27,0.03,2,0.01,12500,0.05,151,1.31,10,89,120,0.03,NA,48.6,0.22,4220,0.02,NA,7.4,9.8,0.32,0.02,5,10.1,1.84
"NH0.0NHC",2024-03-26,0.03,2,0.069,10900,0.216,118,1.715,8.9,80,105,0.05,NA,42,0.29,3580,0.02,NA,7.4,10.6,0.39,0.02,7.5,17.8,2.675
"NH0.0NHC",2024-04-23,0.06,2,0.069,13000,0.094,148,1.34,8.2,78,280,0.1,NA,51.6,0.2245,4630,0.14,NA,7.5,13.5,0.57,0.02,6.8,11.9,375.34
"NH0.0NHC",2024-05-28,0.04,2.2,0.069,12600,0.1205,130,2.055,5.4,62,920,0.08,NA,48,0.446,4000,0.22,NA,7.4,22.4,0.66,0.05,11.2,16.4,2.68
"NH0.0NHC",2024-06-25,0.09,2,0.069,17850,0.068,206,1.09525,3,36,130,0.11,NA,68.5,0.1495,5825,0.115,NA,7.2,24.7,0.59,0.065,3.3,7.2,2.68
"NH0.0NHC",2024-07-23,0.05,2.2,0.069,7300,0.8505,68,5.41,5.4,64,20000,0.04,NA,26.1,1.3805,1920,0.26,NA,6.1,24.1,0.72,0.17,37.6,80.1,5.985
"NH0.0NHC",2024-09-24,0.08,3.8,0.069,8780,1.705,57,5.535,6.7,77,25000,0.07,NA,27.8,3.7715,1420,0.26,NA,6.7,22,0.87,0.52,40,187,15.3
"NH0.0NHC",2024-10-22,0.05,2,0.069,15500,0.068,161,0.8075,8.8,82,240,0.08,NA,60.7,0.1465,5340,0.09,NA,7.4,12.2,0.24,0.02,2.5,7.1,2.68
"NH0.0NHC",2024-11-19,0.03,2,0.069,13900,0.1025,142,1.205,8.6,79,287,0.08,NA,41.6,0.1995,1650,0.02,NA,7.3,11.7,0.21,0.04,3.1,7.7,2.68
"NH0.0NHC",2024-12-17,0.03,2,0.069,9550,0.1755,127,1.635,10.1,86,235,0.08,NA,39.5,0.4015,3800,0.14,NA,7.4,8.2,0.5,0.06,5.8,13.7,3.21
"NH1.0SC",2024-01-23,0.06,2,0.03,19800,0.205,214,2.71,13,94,155,0.1,1.69,70.7,0.55,5200,0.2,NA,7.5,2.1,0.42,0.02,5.6,13.4,7.845
"NH1.0SC",2024-02-27,0.03,2,0.039,19700,0.1,238,2.305,11.5,100,150,0.15,0.61,72.1,0.315,5560,0.02,NA,7.5,9.3,0.3,0.03,4,7.4,5.655
"NH1.0SC",2024-03-26,0.04,2,0.069,18500,0.2975,185,3.36,9.5,85,130,0.09,NA,66.3,0.501,4870,0.16,NA,7.3,10,0.54,0.02,7.6,14.5,5.245
"NH1.0SC",2024-04-23,0.18,2,0.1045,20900,0.105,230,2.66,8.9,81,600,0.16,NA,78.1,0.272,6300,0.42,NA,7.4,11.3,1.1,0.02,3.1,6.7,13.875
"NH1.0SC",2024-05-28,0.05,2,0.069,13250,0.18275,130,3.345,6.6,74,1140,0.1,NA,47.25,0.62925,3450,0.305,NA,7.4,21.5,0.665,0.075,9.15,13.1,3.1375
"NH1.0SC",2024-06-25,0.07,2,0.069,22200,0.1,262,1.325,4,48,560,0.17,NA,81,0.219,6230,0.09,NA,7.3,23.9,0.69,0.08,4.6,6.2,2.68
"NH1.0SC",2024-07-23,0.07,2.2,0.0725,10400,2.52,92,9.665,6.1,73,27000,0.07,1.8,35.4,7.16,2320,0.83,NA,6.5,24.4,0.81,0.14,68,116,17.55
"NH1.0SC",2024-09-24,0.05,4.2,0.0715,5640,2.3005,56,7.245,7.2,83,53000,0.08,NA,20.1,6.995,1460,0.31,NA,6.7,21.9,0.95,0.75,53.2,271,21.605
"NH1.0SC",2024-10-22,0.06,2,0.069,30100,0.068,287,1.49,9.5,87,320,0.13,0.5,107,0.1215,7840,0.18,NA,7.6,11.7,0.41,0.02,4.1,3.6,2.68
"NH1.0SC",2024-11-19,0.03,2,0.069,20100,0.1795,195,2.41,8.9,83,320,0.11,NA,57.8,0.646,1870,0.13,NA,7.4,11.8,0.36,0.06,6.8,10.8,3.235
"NH1.0SC",2024-12-17,0.035,2,0.069,20750,0.12925,195,2.6475,10.5,89,209,0.1,NA,72.5,0.44575,5020,0.335,NA,7.4,8.1,0.5,0.06,6.35,9.8,4.775
"NH2.3MC",2024-01-23,0.04,2,0.015,8980,0.335,115,1.695,11.9,86,110,0.04,NA,38.1,0.295,3800,0.24,NA,7.4,2.1,0.28,0.02,3,16.1,2.59
"NH2.3MC",2024-02-27,0.03,2,0.01,10500,0.14,143,1.485,10.4,87,105,0.03,0.85,45.8,0.245,4770,0.15,NA,7.5,8.3,0.3,0.02,4.1,11.9,2.895
"NH2.3MC",2024-03-26,0.035,2,0.069,8915,0.455,110,2.2325,9.3,82,145,0.075,NA,37.65,0.3445,3740,0.075,NA,7.2,9.7,0.4,0.03,9.45,21.6,2.675
"NH2.3MC",2024-04-23,0.04,2,0.069,12700,0.2065,157,1.53,9.2,84,312,0.11,0.37,59.4,0.19,6700,0.18,NA,7.4,11.1,0.66,0.02,3.7,10.5,2.68
"NH2.3MC",2024-05-28,0.04,2,0.069,12900,0.1395,148,1.45,6.4,72,280,0.09,NA,57.1,0.224,6050,0.12,NA,7.4,21.4,0.53,0.04,6,14.9,2.68
"NH2.3MC",2024-07-23,0.05,2,0.069,6960,1.2325,72,5.945,6.4,75,8090,0.05,NA,26.9,0.8545,2310,0.23,NA,6.6,24,0.75,0.09,22.2,64.9,4.03
"NH2.3MC",2024-09-24,0.03,2.9,0.069,4580,1.613,57,4.945,6.5,74,39000,0.07,NA,18.7,1.883,1780,0.26,NA,6.7,21.6,0.88,0.5,65.6,167,6.955
"NH2.3MC",2024-10-22,0.04,2,0.069,11950,0.068,142,0.7825,10.2,93,280,0.08,NA,53.75,0.0955,5800,0.26,NA,7.4,11.5,0.28,0.02,2.5,7.5,2.68
"NH2.3MC",2024-11-19,0.03,2,0.069,11600,0.088,142,1.09,9.2,84,200,0.08,NA,37,0.124,1940,0.11,NA,7.3,11.5,0.2,0.02,2.6,7.6,2.68
"NH2.3MC",2024-12-17,0.04,2,0.069,7650,0.187,114,1.515,10.8,90,173,0.07,0.6,36.2,0.214,4160,0.2,NA,7.2,7.8,0.5,0.04,6.2,15.3,2.68
"NH3.0NHC",2024-01-23,0.03,2,0.03,9010,0.055,101,0.945,13.8,99,42,0.04,NA,35.3,0.2,3110,0.25,NA,7.5,1.6,0.21,0.02,2.5,11.4,1.135
"NH3.0NHC",2024-02-27,0.03,2,0.01,10900,0.04,118,0.78,12.2,105,15,0.03,NA,41.7,0.2,3520,0.02,NA,7.5,8.6,0.22,0.02,2.5,2.9,0.825
"NH3.0NHC",2024-03-26,0.03,2,0.069,8890,0.093,99,1.09,10.3,92,23,0.03,NA,34.9,0.1455,3100,0.02,NA,7.3,10.1,0.3,0.02,2.5,9.2,2.675
"NH3.0NHC",2024-04-23,0.03,2,0.069,11350,0.068,126,0.8225,9.3,88,115,0.1,NA,45.6,0.086,4165,0.15,NA,7.6,12.6,0.435,0.02,2.5,2.5,100.51
"NH3.0NHC",2024-05-28,0.03,2,0.069,11000,0.068,124,1.0785,7,79,165,0.06,NA,44.5,0.133,4110,0.2,NA,7.5,21.6,0.35,0.02,12.1,7.9,2.68
"NH3.0NHC",2024-06-25,0.05,2,0.069,13800,0.068,158,1.004,3.9,48,460,0.07,NA,57.9,0.089,5720,0.05,NA,7.3,25.3,0.48,0.03,3.1,4.8,2.68
"NH3.0NHC",2024-07-23,0.04,2.1,0.069,8060,0.822,74,4.26,7.2,86,51000,0.04,NA,28.3,0.8395,1980,0.32,NA,6.9,23.9,0.75,0.15,40.8,98,4.315
"NH3.0NHC",2024-09-24,0.03,4.1,0.069,6240,1.22,67,5.05,7.4,82,39000,0.06,NA,24.9,3.1865,2260,0.12,NA,7,21,0.65,0.54,55.6,274,8.74
"NH3.0NHC",2024-10-22,0.03,2,0.069,29700,0.068,128,0.585,10,93,116,0.07,NA,105,0.086,7580,0.07,NA,7.6,12,1.06,0.02,2.5,2.2,2.68
"NH3.0NHC",2024-11-19,0.03,2,0.1,16400,0.45075,128,1.02025,9.9,91,71.5,0.075,NA,47.95,0.1945,1715,0.02,NA,7.5,11.3,0.245,0.035,3.05,3.6,2.68
"NH3.0NHC",2024-12-17,0.03,2,0.069,8700,0.068,114,1.023,12,100,268,0.07,NA,37.3,0.1255,3790,0.16,NA,7.5,7.6,0.5,0.02,2.5,8.4,2.68
"NH3.3SC",2024-01-23,0.08,2,0.03,21800,0.155,229,2.8,12.5,92,33,0.12,NA,77.9,0.475,5680,0.33,4.7,7.4,2.7,0.39,0.03,2.5,11.9,11.035
"NH3.3SC",2024-02-27,0.035,2,0.0966666666666667,19750,0.15,248,2.255,11.3,99,102.5,0.19,NA,71.6,0.27,5390,0.045,5.16,7.4,9.7,0.41,0.025,2.5,4.4,9.7825
"NH3.3SC",2024-03-26,0.09,2,0.069,19200,0.2115,203,3.675,8.7,77,130,0.12,NA,69.3,0.416,5170,0.28,6.65,7.6,10.1,0.86,0.04,3,8.5,7.1
"NH3.3SC",2024-04-23,0.16,2.5,0.08,22900,0.0915,243,2.56,7.4,70,460,0.18,NA,83.3,0.3425,6350,0.33,7.08,7.2,12.9,0.92,0.04,4.3,7.5,3.635
"NH3.3SC",2024-05-28,0.08,2.8,0.076,12700,0.199,128,3.59,5.6,65,1280,0.1,NA,45,0.848,3230,0.29,7.34,7.2,22.7,0.69,0.1,8.4,15.7,3.97
"NH3.3SC",2024-06-25,0.04,2,0.069,21900,0.0975,287,2.165,5.4,63,300,0.27,NA,78.3,0.144,5760,1.52,5.15,7.4,23.6,0.57,0.1,60,3.3,2.68
"NH3.3SC",2024-07-23,0.17,2.4,0.0825,13500,0.898,123,7.73,6.9,82,13000,0.1,NA,45.2,2.2385,2790,1.34,10.5,7,24.5,0.9,0.15,24.2,48,10.49
"NH3.3SC",2024-09-24,0.085,5.1,0.08575,7830,2.20075,54,8.0575,8.1,92,42500,0.08,NA,29.05,8.7775,2305,0.305,12.6,6.8,21.8,1,1.035,36.8,412,24.705
"NH3.3SC",2024-10-22,0.03,2,0.069,31000,0.068,298,1.665,7.8,74,230,0.14,NA,109,0.203,7550,0.33,5.4,7.5,12,0.99,0.09,2.5,2.9,2.68
"NH3.3SC",2024-11-19,0.03,2,0.1175,21800,0.068,208,2.13,8.3,77,472,0.12,NA,62.7,0.306,2010,0.21,5.85,7.3,11.9,0.29,0.07,2.6,3.7,3.29
"NH3.3SC",2024-12-17,0.06,2,0.069,22000,0.122,239,2.545,10.1,85,62,0.12,NA,79.8,0.4565,6040,0.51,6.82,7.3,7.9,0.5,0.08,6.3,13.2,7.75
"NH4.4SCTD",2024-01-23,0.125,2,0.0925,24600,0.075,290,4.1175,11.5,85,132.5,0.26,1.45,87.9,0.5125,6445,0.475,NA,7,2.6,0.47,0.06,2.5,8.3,52.225
"NH4.4SCTD",2024-02-27,0.17,2,0.187,18400,0.04,265,2.25,10.6,93,31,0.33,3.3,68,0.3,5350,0.18,NA,6.7,9.5,0.44,0.16,6.2,5.3,88.95
"NH4.4SCTD",2024-03-26,0.05,2,0.2315,27800,0.1635,256,3.445,7.5,67,140,0.06,NA,98.1,0.514,6990,0.13,NA,6.9,10.8,0.52,0.03,11.3,12.2,8.095
"NH4.4SCTD",2024-04-23,0.08,2,0.404,19600,0.19,216,3.98,6.3,60,680,0.19,2.58,71.7,0.751,5560,0.19,NA,6.9,13,0.79,0.07,6.5,8.6,9.605
"NH4.4SCTD",2024-05-28,0.1,2,0.3325,13600,0.254,150,4.86,4.9,56,2300,0.16,2.69,48.1,1.2715,3440,0.33,NA,7,22,0.75,0.13,11.5,16,9.755
"NH4.4SCTD",2024-06-25,0.04,2,0.082,13800,0.226,250,1.77,3.9,45,860,0.55,1.28,51.5,0.4875,4120,0.07,NA,7,23.2,0.64,0.22,10.5,15.1,9.46
"NH4.4SCTD",2024-07-23,0.1,2,0.156,13700,0.6735,115,6.725,6.3,76,18000,0.09,1.12,46.3,2.036,2910,0.57,NA,6.8,24.5,0.77,0.13,13.6,31.1,10.445
"NH4.4SCTD",2024-09-24,0.04,3.7,0.075,4480,1.536,46,7.575,7.4,84,60000,0.07,NA,16.1,6.7035,1200,0.22,NA,6.5,21.8,0.7,0.55,36.4,140,22.975
"NH4.4SCTD",2024-10-22,0.06,2,0.069,14000,0.068,315,1.59,6.6,61,850,0.32,NA,54.2,0.196,4710,0.28,NA,7.4,12.3,0.34,0.08,2.5,9.1,10.77
"NH4.4SCTD",2024-11-19,0.05,2,0.184,19800,0.0735,240,2.075,8.1,76,300,0.21,1,57.7,0.356,2000,0.15,NA,7.2,12.1,0.25,0.15,4.5,7.7,14.5
"NH4.4SCTD",2024-12-17,0.08,2,0.074,22800,0.068,280,2.13,9.6,81,49,0.19,1.1,83.5,0.242,6440,0.31,NA,7.1,8.5,0.5,0.07,4.1,8.7,14.45
"PN1.9PN",2024-01-02,0.03,2,0.01,11900,0.78,133,3.245,12.3,95,520,0.03,NA,47.6,1.105,4330,0.07,NA,7.4,4.4,0.5,0.06,2.9,79.5,7.04
"PN1.9PN",2024-02-06,0.03,2,0.015,13400,0.47,155,3.105,14.1,110,500,0.03,NA,54.1,0.745,5030,0.02,NA,7.3,5.1,0.41,0.06,9.4,43.9,7.345
"PN1.9PN",2024-03-05,0.03,2,0.069,9610,1.1375,101,5.095,9.9,94,2500,0.05,NA,36,1.7965,2920,0.17,NA,7.2,12.8,0.64,0.2,42.2,88,10.12
"PN1.9PN",2024-04-02,0.04,2,0.069,8990,0.425,132,2.63,8.8,91,225,0.14,NA,37.6,0.698,3680,0.57,NA,6.7,16.9,0.55,0.02,12.5,33.8,4.97
"PN1.9PN",2024-05-07,0.07,2.5,0.069,10600,0.4575,123,3.82,6.8,73,352,0.09,NA,41.2,0.828,3550,0.8,NA,7.2,19.4,0.92,0.15,23.2,58,3.95
"PN1.9PN",2024-06-04,0.135,2,0.069,18700,0.363,181,1.7875,5.2,59,1125,0.09,NA,74.35,0.55275,6715,1.34,NA,7.2,21,0.895,0.08,13.65,40.8,3.44
"PN1.9PN",2024-07-02,0.46,3.5,0.069,41900,0.1645,364,2.13,5.3,59,1380,0.1,NA,140,0.1795,8560,0.64,NA,7.2,20.1,1.62,0.06,4.6,8.6,2.68
"PN1.9PN",2024-08-06,0.03,2,0.069,5280,2.735,77,5.495,6.1,73,5750,0.08,NA,23.6,4.3,2530,0.24,NA,7,24.4,1.4,0.08,92.4,376,10.645
"PN1.9PN",2024-09-03,0.03,2,0.069,6970,1.6825,79,6.225,7.7,85,8270,0.05,NA,28.1,2.6225,2590,0.22,NA,6.8,20.6,0.65,0.44,201,302,11.315
"PN1.9PN",2024-10-01,0.05,2,0.069,10300,2.32,88,6.37,7.9,90,5100,0.12,NA,40.1,4.21,3520,0.17,NA,7,21.7,0.97,0.63,21.6,348,13.57
"PN1.9PN",2024-11-04,0.03,4,0.069,18600,9.0125,150,8.39,4,38,460,0.14,NA,76.45,9.9425,7315,0.12,NA,6.8,14.1,0.25,1.21,146.5,650,22.7
"PN1.9PN",2024-12-03,0.03,2,0.069,21000,0.485,220,1.47,9.2,69,150,0.11,NA,83.8,0.645,7590,0.1,NA,7.5,3.1,0.18,0.1,10.5,62,3.035
"SI1.6SIC",2024-01-09,0.03,2.3,0.01,16900,0.41,108,38.9,11.1,91,250,0.03,NA,58.9,0.53,4060,0.05,NA,7.4,6.4,0.54,0.09,16.1,27.6,9.71
"SI1.6SIC",2024-02-13,0.03,3.4,0.011,11300,0.37,115,25.95,8.8,82,1460,0.03,NA,39.1,0.575,2650,0.07,NA,7,12.3,0.67,0.1,22.6,47,13.45
"SI1.6SIC",2024-03-12,0.04,2,0.069,12500,0.6565,143,24,10.1,88,200,0.15,NA,45,0.7555,3330,0.11,NA,7.1,9.7,0.66,0.11,11.1,33.4,25
"SI1.6SIC",2024-04-09,0.03,2,0.069,18600,0.341,208,14.85,7.5,74,92,0.1,NA,67.8,0.3975,5200,0.02,NA,7.3,14.8,0.67,0.1,6.2,13.8,6.14
"SI1.6SIC",2024-05-14,0.1,2,0.069,12200,0.2385,141,14.85,2.1,22,125,0.1,NA,44.9,0.4065,3500,0.07,NA,6.9,18.6,0.88,0.13,8.6,16.3,6.64
"SI1.6SIC",2024-06-11,0.05,2,0.08,11000,0.291,106,10.54,5.1,60,840,0.09,NA,38.8,0.3405,2750,0.13,NA,7.4,22.1,0.52,0.1,21.7,13.5,3.9
"SI1.6SIC",2024-07-09,0.04,2,0.069,7160,0.564,91,30.7,5.3,65,780,0.09,NA,26.4,0.4565,2060,0.08,NA,6.7,25.7,0.57,0.08,18.8,27,7.345
"SI1.6SIC",2024-08-13,0.03,2,0.069,9715,0.35525,97,22.925,6.1,73,1590,0.07,NA,35.95,0.40975,2845,0.14,NA,6.9,24.5,0.84,0.14,6.9,14.2,4.1475
"SI1.6SIC",2024-09-10,0.03,2,0.069,10700,0.2065,110,10.51,5.9,63,940,0.07,NA,39.6,0.29,3160,0.04,NA,6.9,18.8,0.42,0.02,7,15,3.055
"SI1.6SIC",2024-10-08,0.03,2,0.069,16200,0.151,164,11.6,4.8,52,680,0.11,NA,59.6,0.2625,4620,0.08,NA,7.1,18.8,0.37,0.07,4.8,8.8,3.945
"SI1.6SIC",2024-11-05,0.03,2.6,0.069,29800,0.085,291,5.395,1.9,19,440,0.15,NA,108,0.1575,8260,0.02,NA,7.2,15.6,0.31,0.08,5,6.8,6.03
"SI1.6SIC",2024-12-10,0.03,4,0.069,11100,0.356,117,18.9,8.5,75,2300,0.09,NA,52.8,0.4555,6060,0.06,NA,7,9.9,0.22,0.13,21.2,22.9,7.09
"TF1.0TC",2024-01-16,0.04,2,0.04,21300,0.84,198,5.04,10.7,87,296,0.11,NA,75.9,1.32,5510,0.38,6.3,7.7,6.4,0.43,0.06,27.4,59.8,9.865
"TF1.0TC",2024-02-20,0.04,2,0.013,28600,0.21,272,2.735,12.6,101,720,0.16,NA,100,0.44,6950,0.06,6.42,7.7,5.7,0.38,0.06,5.8,12.7,4.855
"TF1.0TC",2024-03-19,0.04,2,0.069,30500,0.2445,296,2.855,8.7,79,145,0.16,NA,108,0.4535,7800,0.03,7.07,7.6,11.3,0.44,0.08,4.1,13.5,3.9325
"TF1.0TC",2024-04-16,0.11,2,0.069,26700,0.111,214,2.72,6.6,67,155,0.16,NA,93,0.4185,6420,0.15,7.75,7.5,17.7,0.68,0.12,4.1,8.8,3.715
"TF1.0TC",2024-05-21,0.07,2,0.06975,16200,0.38975,162,3.9325,6.8,73,450,0.15,NA,58.9,0.82725,4475,0.18,9.16,7.2,19,0.95,0.145,8,19.6,11.065
"TF1.0TC",2024-06-17,0.05,2,0.069,30500,0.183,316,2.46,5.9,71,344,0.32,NA,108,0.324,7680,0.12,6.43,7.5,23.7,0.51,0.12,6.4,7.5,2.68
"TF1.0TC",2024-07-16,0.08,3,0.069,18400,0.3465,167,3.545,5.1,63,210,0.19,NA,64.9,0.864,4560,0.24,7.24,7.3,26.6,0.51,0.14,6.9,15.8,5.315
"TF1.0TC",2024-10-15,0.03,2,0.069,3580,0.068,321,1.75,7.4,74,508,0.22,NA,47.4,0.206,9350,0.19,7.655,7.6,14.9,0.34,0.06,2.5,7.7,2.68
"TF1.0TC",2024-11-12,0.03,3.9,0.069,19200,0.3455,178,3.54,6,59,6200,0.14,NA,69.2,1.019,5180,0.03,9.51,7.3,14.9,0.36,18,11.8,19.5,5.44
"TF1.0TC",2024-12-11,0.05,7.8,0.1095,8840,3.881,86.4,8.96,7.6,74,25000,0.1,NA,32.3,10.37,2500,0.22,11.4,6.8,14.1,1.7,0.82,263,284,33.115
"TF3.4TC",2024-01-16,0.06,2,0.025,28800,0.5,258,4.21,10.7,88,280,0.13,NA,100,0.965,6950,0.53,NA,7.5,6.6,0.48,0.09,14.6,27,14.65
"TF3.4TC",2024-02-20,0.06,2,0.016,36100,0.085,327,2.44,13.3,105,30,0.21,NA,127,0.38,8850,0.1,NA,7.7,5.2,0.4,0.04,3.5,9.3,10.54
"TF3.4TC",2024-03-19,0.04,2,0.069,38400,0.162,343,2.885,9.5,83,114,0.21,NA,134,0.339,9330,0.02,NA,7.6,9.5,0.48,0.05,2.9,12.1,9.385
"TF3.4TC",2024-04-16,0.14,2,0.069,34250,0.0715,337,2.5775,6.9,72,167.5,0.245,NA,119,0.2625,8035,0.13,NA,7.5,17.4,0.81,0.055,2.85,5.4,5.9075
"TF3.4TC",2024-05-21,0.08,2,0.069,23600,0.232,210,3.56,6.7,73,560,0.2,NA,82.4,0.674,5690,0.23,NA,7.3,18.3,0.8,0.11,3.3,10.6,4.985
"TF3.4TC",2024-06-17,0.17,2,0.069,21400,0.243,263,2.345,8.4,74,2650,0.5,NA,75.1,0.4315,5230,0.24,NA,7.4,22.3,0.82,0.22,7.5,11.7,15.1
"TF3.4TC",2024-07-16,0.11,3,0.069,23200,0.181,237,3.12,5.3,65,255,0.29,NA,79.4,0.497,5220,0.25,NA,7.4,25.9,0.42,0.12,3,6.9,5.195
"TF3.4TC",2024-10-15,0.15,2,0.069,4240,0.068,381,1.895,8.2,78,1850,0.27,NA,53.3,0.153,10400,0.31,NA,7.6,13.3,0.52,0.03,2.6,7.1,3.89
"TF3.4TC",2024-11-12,0.03,4.9,0.069,21900,0.476,205,3.52,6.7,65,9300,0.17,NA,78.2,0.839,5690,0.02,NA,7.3,14.3,0.27,0.15,10,14.7,7.465
"TF3.4TC",2024-12-11,0.075,7.65,0.07925,9030,2.995,84.4,9.205,8.4,82,12400,0.1,NA,32.25,8.92,2365,0.405,NA,6.9,14.5,1.08,0.54,107.5,143,32.975
"TF4.4TC",2024-01-16,0.05,2,0.025,32100,0.33,298,4.565,10.7,87,420,0.03,NA,113,0.9,8020,1,NA,7.5,6.5,0.24,0.07,4.3,13.4,16.4
"TF4.4TC",2024-02-20,0.03,2,0.0165,39700,0.055,386,2.61,2.1,16,37.5,0.13,NA,140,0.335,9960,0.175,NA,7.7,4.4,0.35,0.065,3.45,9.2,9.775
"TF4.4TC",2024-03-19,0.03,2,0.069,40600,0.0935,373,3.285,9.4,82,125,0.12,NA,143,0.341,10000,0.07,NA,7.5,9.1,0.47,0.04,2.5,7.9,8.455
"TF4.4TC",2024-04-16,0.09,2,0.069,39000,0.068,405,2.9,6.6,68,200,0.16,NA,135,0.796,9030,0.13,NA,7.5,17.1,1.17,0.07,3.5,11.5,7.245
"TF4.4TC",2024-05-21,0.06,2,0.069,25800,0.141,287,3.66,6.5,69,2400,0.18,NA,90.4,0.7095,6270,0.36,NA,7.4,18.1,0.79,0.1,2.7,13.9,6
"TF4.4TC",2024-06-17,0.05,2.4,0.069,36500,0.193,410,3.475,4.8,56,4350,0.39,NA,129,0.699,9190,0.19,NA,7.7,23.2,0.58,0.13,5.9,7.2,5.175
"TF4.4TC",2024-07-16,0.08,2,0.069,27800,0.151,289,3.765,5.5,68,284,0.24,NA,95.6,0.663,6390,0.4,NA,7.5,26,0.46,0.12,3.3,7.7,5.95
"TF4.4TC",2024-10-15,0.27,2,0.069,3935,0.068,376,2.1725,6.5,63,656.5,0.2,NA,53,0.295,10500,0.16,NA,7.4,13.5,0.345,0.02,3.45,6.5,4.12
"TF4.4TC",2024-11-12,0.03,3.2,0.069,19600,0.263,177,4.325,6,58,7300,0.09,NA,67.2,3.16,4460,0.08,NA,7.2,13.9,0.52,0.19,8.4,12.5,10.655
"TF4.4TC",2024-12-11,0.07,6,0.0755,8720,1.9895,83.3,8.81,6.8,87,16000,0.08,NA,30.6,7.423,2130,0.58,NA,7,14.6,1.1,0.61,64.4,170,28.55
"TF5.1RC",2024-01-16,0.04,2,0.015,30200,0.39,280,3.11,10.7,87,2250,0.25,NA,106,0.555,7320,0.39,NA,7.7,6.5,0.29,0.08,7.2,17.5,15.45
"TF5.1RC",2024-02-20,0.04,3,0.011,40600,1.105,383,2.77,11.8,92,115,0.32,NA,137,0.235,8670,0.18,NA,7.8,5,0.45,0.09,4.9,9.4,21.9
"TF5.1RC",2024-03-19,0.035,2,0.069,40500,0.864,377,2.9675,7.4,65,177.5,0.4,NA,138,0.28075,8905,0.06,NA,7.6,9.3,0.445,0.1,3.7,11.5,26.4
"TF5.1RC",2024-04-16,0.08,2,0.069,30600,0.119,326,2.495,4.7,49,700,0.46,NA,106,0.3025,7150,0.16,NA,7.5,17.5,0.62,0.13,4.5,8.7,14.2
"TF5.1RC",2024-05-21,0.07,2,0.069,23600,0.253,245,3.035,5.9,63,2200,0.35,NA,83.1,0.4645,5860,0.24,NA,7.4,18.2,0.77,0.15,3.9,8.7,8.51
"TF5.1RC",2024-06-17,0.06,2,0.069,30200,0.1405,422,2.405,3.7,44,1060,0.63,NA,105,0.3085,7240,0.07,NA,7.4,22.9,0.56,0.22,3.1,5.2,4.375
"TF5.1RC",2024-07-16,0.05,3,0.069,18700,0.4125,234,2.995,4.2,52,260,0.49,NA,64.5,0.4365,4290,0.16,NA,7.4,26.1,0.56,0.3,4.8,9.4,7.64
"TF5.1RC",2024-10-15,0.03,2,0.069,4170,0.068,411,2.815,7,69,2650,0.48,NA,55.3,0.2475,10900,0.24,NA,7.5,14.3,0.36,0.09,6.5,11.6,6.275
"TF5.1RC",2024-11-12,0.03,7.5,0.069,24550,0.794,246,3.1075,5.4,53,6000,0.285,NA,87.2,0.42075,6300,0.02,NA,7.4,14.6,0.275,0.195,14.8,1.6,7.705
"TF5.1RC",2024-12-11,0.1,9.2,0.069,10600,2.08,110,7.555,7.1,70,11400,0.13,NA,36.8,2.806,2500,0.38,NA,7.3,14.3,0.55,0.48,89.6,92.6,23.1
"TF6.5RCUT",2024-01-16,0.035,24,0.095,47700,0.3175,404,2.5375,8.7,70,83,0.03,NA,168.5,0.4425,12000,0.02,NA,7.3,6.2,0.415,0.05,9.45,17.8,13.76
"TF6.5RCUT",2024-02-20,0.03,26,0.01,53900,0.11,469,1.165,10.5,81,190,0.03,NA,194,0.2,14400,0.28,NA,7.5,4.3,0.34,0.02,3.4,12.5,3.65
"TF6.5RCUT",2024-03-19,0.04,10,0.069,47800,0.068,446,1.315,6.4,54,260,0.05,NA,175,0.1605,13600,0.07,NA,7.4,7.8,0.47,0.06,2.5,5,3.775
"TF6.5RCUT",2024-04-16,0.09,5,0.069,51400,0.068,486,1.036,4.4,45,520,0.13,NA,184,0.167,13600,0.05,NA,7.4,16.2,0.59,0.04,3.2,7.9,3.92
"TF6.5RCUT",2024-05-21,0.27,2,0.069,40400,0.068,380,1.35,4.8,50,600,0.12,NA,146,0.2665,10900,0.22,NA,7,17.1,1.1,0.06,2.5,4.1,4.955
"TF6.5RCUT",2024-06-17,0.13,2.4,0.1145,61100,0.068,552,1.076,2.4,27,16000,0.12,NA,239,0.2405,20900,0.09,NA,7.4,21.6,0.6,0.15,3.6,4.1,3.925
"TF6.5RCUT",2024-07-16,0.18,3,0.069,41600,0.068,392,1.015,3.7,44,170,0.15,NA,156,0.1535,12600,0.07,NA,7.4,24.8,0.64,0.11,2.5,3.1,4.19
"TF6.5RCUT",2024-10-15,0.04,2,0.069,5160,0.068,482,1.855,6.3,61,825,0.12,NA,78.4,0.244,15900,0.76,NA,7.5,13.7,0.37,0.02,3.8,3.5,5.48
"TF6.5RCUT",2024-11-12,0.03,22,0.162,45500,0.068,456,3.09,2.2,23,6400,0.06,NA,167,0.6155,13000,0.02,NA,7.5,14.7,0.35,0.1,5,3.4,43.1
"TF6.5RCUT",2024-12-11,0.57,25,0.08,13500,1.3555,220,9.675,7.6,75,5800,0.09,NA,46.8,2.6035,3190,0.78,NA,8.4,14.5,2.8,0.39,37.2,67.4,39
"TF6.5RCUT",2024-09-17,NA,NA,NA,NA,NA,79,NA,8.2,23,NA,NA,NA,NA,NA,NA,NA,NA,7.2,21.7,NA,NA,NA,57.3,NA
